{
    "login": "ds",
    "nome": "Dwight Schrute",
    "plantacoes": {
        "1": {
            "planta": "Beterraba",
            "sensores": {
                "1": {
                    "medicoes": {
                        "1595885881":{
                            "temp":"25"
                        },
                        "1595885895":{
                            "temp":"23"
                        }
                    },
                    "tipoSensor": "temp"
                },
                "2": {
                    "medicoes": {
                        "1595886002":{
                            "temp":"21"
                        }
                    },
                    "tipoSensor": "umid"
                }
            }
        },
        "2": {
            "planta": "Batata",
            "sensores": {
                "2": {
                    "medicoes": {
                        "1595885923":{
                            "umid":"46",
                            "temp":"19"
                        }
                    },
                    "tipoSensor": "umid/temp"
                }
            }
        }
    }
}